,Unnamed: 0,roundId,price,startedAt,updatedAt,roundId2,datasource
0,0,18446744073709551617,101337884,1679704246,1679704246,18446744073709551617,arbitrum
1,1,18446744073709551618,101362832,1679790669,1679790669,18446744073709551618,arbitrum
2,2,18446744073709551619,101051704,1679808922,1679808922,18446744073709551619,arbitrum
3,3,18446744073709551620,101355611,1679816757,1679816757,18446744073709551620,arbitrum
4,4,18446744073709551621,101194070,1679903184,1679903184,18446744073709551621,arbitrum
5,5,18446744073709551622,101526309,1679944972,1679944972,18446744073709551622,arbitrum
6,6,18446744073709551623,101216805,1679998409,1679998409,18446744073709551623,arbitrum
7,7,18446744073709551624,101328853,1680084837,1680084837,18446744073709551624,arbitrum
8,8,18446744073709551625,101024747,1680102610,1680102610,18446744073709551625,arbitrum
9,9,18446744073709551626,101150282,1680189070,1680189070,18446744073709551626,arbitrum
10,10,18446744073709551627,101287954,1680275486,1680275486,18446744073709551627,arbitrum
11,11,18446744073709551628,101608540,1680313451,1680313451,18446744073709551628,arbitrum
12,12,18446744073709551629,101919190,1680346023,1680346023,18446744073709551629,arbitrum
13,13,18446744073709551630,101609364,1680352268,1680352268,18446744073709551630,arbitrum
14,14,18446744073709551631,101297627,1680438485,1680438485,18446744073709551631,arbitrum
15,15,18446744073709551632,101275339,1680524914,1680524914,18446744073709551632,arbitrum
16,16,18446744073709551633,100961576,1680552954,1680552954,18446744073709551633,arbitrum
17,17,18446744073709551634,101271514,1680556647,1680556647,18446744073709551634,arbitrum
18,18,18446744073709551635,101287921,1680643075,1680643075,18446744073709551635,arbitrum
19,19,18446744073709551636,101197507,1680729504,1680729504,18446744073709551636,arbitrum
20,20,18446744073709551637,101512100,1680781502,1680781502,18446744073709551637,arbitrum
21,21,18446744073709551638,101147147,1680811524,1680811524,18446744073709551638,arbitrum
22,22,18446744073709551639,101057667,1680897952,1680897952,18446744073709551639,arbitrum
23,23,18446744073709551640,101185035,1680984380,1680984380,18446744073709551640,arbitrum
24,24,18446744073709551641,100858565,1681047521,1681047521,18446744073709551641,arbitrum
25,25,18446744073709551642,101168122,1681054965,1681054965,18446744073709551642,arbitrum
26,26,18446744073709551643,101182116,1681141382,1681141382,18446744073709551643,arbitrum
27,27,18446744073709551644,101108070,1681227809,1681227809,18446744073709551644,arbitrum
28,28,18446744073709551645,101171210,1681314234,1681314234,18446744073709551645,arbitrum
29,29,18446744073709551646,101481315,1681348787,1681348787,18446744073709551646,arbitrum
30,30,18446744073709551647,101169342,1681419173,1681419173,18446744073709551647,arbitrum
31,31,18446744073709551648,101474659,1681475688,1681475688,18446744073709551648,arbitrum
32,32,18446744073709551649,101279642,1681562117,1681562117,18446744073709551649,arbitrum
33,33,18446744073709551650,101275239,1681648545,1681648545,18446744073709551650,arbitrum
34,34,18446744073709551651,101240988,1681734974,1681734974,18446744073709551651,arbitrum
35,35,18446744073709551652,101142685,1681821403,1681821403,18446744073709551652,arbitrum
36,36,18446744073709551653,101491448,1681900807,1681900807,18446744073709551653,arbitrum
37,37,18446744073709551654,101852228,1681922469,1681922469,18446744073709551654,arbitrum
38,38,18446744073709551655,102178017,1681961136,1681961136,18446744073709551655,arbitrum
39,39,18446744073709551656,101868086,1681991144,1681991144,18446744073709551656,arbitrum
40,40,18446744073709551657,102237006,1682005825,1682005825,18446744073709551657,arbitrum
41,41,18446744073709551658,101921671,1682019544,1682019544,18446744073709551658,arbitrum
42,42,18446744073709551659,102256405,1682093124,1682093124,18446744073709551659,arbitrum
43,43,18446744073709551660,102636111,1682095435,1682095435,18446744073709551660,arbitrum
44,44,18446744073709551661,103224550,1682096005,1682096005,18446744073709551661,arbitrum
45,45,18446744073709551662,103595776,1682097057,1682097057,18446744073709551662,arbitrum
46,46,18446744073709551663,103280457,1682097868,1682097868,18446744073709551663,arbitrum
47,47,18446744073709551664,103651306,1682098738,1682098738,18446744073709551664,arbitrum
48,48,18446744073709551665,104006156,1682100118,1682100118,18446744073709551665,arbitrum
49,49,18446744073709551666,103676317,1682101349,1682101349,18446744073709551666,arbitrum
50,50,18446744073709551667,103343384,1682102010,1682102010,18446744073709551667,arbitrum
51,51,18446744073709551668,102911569,1682103240,1682103240,18446744073709551668,arbitrum
52,52,18446744073709551669,102602777,1682105732,1682105732,18446744073709551669,arbitrum
53,53,18446744073709551670,102285676,1682109275,1682109275,18446744073709551670,arbitrum
54,54,18446744073709551671,101976236,1682182915,1682182915,18446744073709551671,arbitrum
55,55,18446744073709551672,101644706,1682210114,1682210114,18446744073709551672,arbitrum
56,56,18446744073709551673,101950185,1682210143,1682210143,18446744073709551673,arbitrum
57,57,18446744073709551674,101630460,1682234279,1682234279,18446744073709551674,arbitrum
58,58,18446744073709551675,101954810,1682284955,1682284955,18446744073709551675,arbitrum
59,59,18446744073709551676,101632222,1682331756,1682331756,18446744073709551676,arbitrum
60,60,18446744073709551677,101707841,1682418161,1682418161,18446744073709551677,arbitrum
61,61,18446744073709551678,101386866,1682454486,1682454486,18446744073709551678,arbitrum
62,62,18446744073709551679,101741523,1682538350,1682538350,18446744073709551679,arbitrum
63,63,18446744073709551680,101326160,1682538561,1682538561,18446744073709551680,arbitrum
64,64,18446744073709551681,101983919,1682539611,1682539611,18446744073709551681,arbitrum
65,65,18446744073709551682,101582435,1682539643,1682539643,18446744073709551682,arbitrum
66,66,18446744073709551683,102087111,1682539732,1682539732,18446744073709551683,arbitrum
67,67,18446744073709551684,101579805,1682539762,1682539762,18446744073709551684,arbitrum
68,68,18446744073709551685,101263464,1682540573,1682540573,18446744073709551685,arbitrum
69,69,18446744073709551686,100934427,1682542570,1682542570,18446744073709551686,arbitrum
70,70,18446744073709551687,101271147,1682578835,1682578835,18446744073709551687,arbitrum
71,71,18446744073709551688,100947233,1682594245,1682594245,18446744073709551688,arbitrum
72,72,18446744073709551689,101298908,1682609616,1682609616,18446744073709551689,arbitrum
73,73,18446744073709551690,100927626,1682620604,1682620604,18446744073709551690,arbitrum
74,74,18446744073709551691,101240538,1682623155,1682623155,18446744073709551691,arbitrum
75,75,18446744073709551692,101141915,1682709558,1682709558,18446744073709551692,arbitrum
76,76,18446744073709551693,101209838,1682795974,1682795974,18446744073709551693,arbitrum
77,77,18446744073709551694,101099410,1682882403,1682882403,18446744073709551694,arbitrum
78,78,18446744073709551695,101414221,1682905518,1682905518,18446744073709551695,arbitrum
79,79,18446744073709551696,101082608,1682906539,1682906539,18446744073709551696,arbitrum
80,80,18446744073709551697,101015006,1682992968,1682992968,18446744073709551697,arbitrum
81,81,18446744073709551698,101028938,1683079393,1683079393,18446744073709551698,arbitrum
82,82,18446744073709551699,101336650,1683165642,1683165642,18446744073709551699,arbitrum
83,83,18446744073709551700,101672880,1683206920,1683206920,18446744073709551700,arbitrum
84,84,18446744073709551701,101358011,1683236219,1683236219,18446744073709551701,arbitrum
85,85,18446744073709551702,101337147,1683322640,1683322640,18446744073709551702,arbitrum
86,86,18446744073709551703,101280686,1683409070,1683409070,18446744073709551703,arbitrum
87,87,18446744073709551704,101120123,1683495497,1683495497,18446744073709551704,arbitrum
88,88,18446744073709551705,101469448,1683504414,1683504414,18446744073709551705,arbitrum
89,89,18446744073709551706,101118621,1683509277,1683509277,18446744073709551706,arbitrum
90,90,18446744073709551707,101516675,1683510628,1683510628,18446744073709551707,arbitrum
91,91,18446744073709551708,101178076,1683511259,1683511259,18446744073709551708,arbitrum
92,92,18446744073709551709,101487499,1683511438,1683511438,18446744073709551709,arbitrum
93,93,18446744073709551710,101174630,1683511469,1683511469,18446744073709551710,arbitrum
94,94,18446744073709551711,101479694,1683576318,1683576318,18446744073709551711,arbitrum
95,95,18446744073709551712,101160771,1683576498,1683576498,18446744073709551712,arbitrum
96,96,18446744073709551713,101098874,1683662915,1683662915,18446744073709551713,arbitrum
97,97,18446744073709551714,100787729,1683728871,1683728871,18446744073709551714,arbitrum
98,98,18446744073709551715,101175892,1683754208,1683754208,18446744073709551715,arbitrum
99,99,18446744073709551716,100822603,1683754868,1683754868,18446744073709551716,arbitrum
100,100,18446744073709551717,100929572,1683841283,1683841283,18446744073709551717,arbitrum
101,101,18446744073709551718,100898349,1683927687,1683927687,18446744073709551718,arbitrum
102,102,18446744073709551719,100805103,1684014087,1684014087,18446744073709551719,arbitrum
103,103,18446744073709551720,100723429,1684100514,1684100514,18446744073709551720,arbitrum
104,104,18446744073709551721,100757805,1684186929,1684186929,18446744073709551721,arbitrum
105,105,18446744073709551722,100836950,1684273346,1684273346,18446744073709551722,arbitrum
106,106,18446744073709551723,100514592,1684306824,1684306824,18446744073709551723,arbitrum
107,107,18446744073709551724,100831839,1684356749,1684356749,18446744073709551724,arbitrum
108,108,18446744073709551725,100952086,1684443164,1684443164,18446744073709551725,arbitrum
109,109,18446744073709551726,100800334,1684529592,1684529592,18446744073709551726,arbitrum
110,110,18446744073709551727,100613506,1684615993,1684615993,18446744073709551727,arbitrum
111,111,18446744073709551728,100661530,1684702409,1684702409,18446744073709551728,arbitrum
112,112,18446744073709551729,100689898,1684788836,1684788836,18446744073709551729,arbitrum
113,113,18446744073709551730,101019324,1684858095,1684858095,18446744073709551730,arbitrum
114,114,18446744073709551731,100701547,1684875447,1684875447,18446744073709551731,arbitrum
115,115,18446744073709551732,101006432,1684879440,1684879440,18446744073709551732,arbitrum
116,116,18446744073709551733,101021798,1684965864,1684965864,18446744073709551733,arbitrum
117,117,18446744073709551734,100951644,1685052294,1685052294,18446744073709551734,arbitrum
118,118,18446744073709551735,100905972,1685138722,1685138722,18446744073709551735,arbitrum
119,119,18446744073709551736,100941368,1685225149,1685225149,18446744073709551736,arbitrum
120,120,18446744073709551737,100834208,1685311578,1685311578,18446744073709551737,arbitrum
121,121,18446744073709551738,100520886,1685388431,1685388431,18446744073709551738,arbitrum
122,122,18446744073709551739,100680311,1685474861,1685474861,18446744073709551739,arbitrum
123,123,18446744073709551740,100580650,1685561289,1685561289,18446744073709551740,arbitrum
124,124,18446744073709551741,100533583,1685647707,1685647707,18446744073709551741,arbitrum
125,125,18446744073709551742,100613729,1685734129,1685734129,18446744073709551742,arbitrum
126,126,18446744073709551743,100511774,1685820558,1685820558,18446744073709551743,arbitrum
127,127,18446744073709551744,100581119,1685906987,1685906987,18446744073709551744,arbitrum
128,128,18446744073709551745,100509276,1685993416,1685993416,18446744073709551745,arbitrum
129,129,18446744073709551746,100552117,1686079832,1686079832,18446744073709551746,arbitrum
130,130,18446744073709551747,100646363,1686139802,1686139802,18446744073709551747,arbitrum
131,131,18446744073709551748,100801360,1686226220,1686226220,18446744073709551748,arbitrum
132,132,18446744073709551749,100815035,1686312650,1686312650,18446744073709551749,arbitrum
133,133,18446744073709551750,100807801,1686399067,1686399067,18446744073709551750,arbitrum
134,134,18446744073709551751,100736739,1686485495,1686485495,18446744073709551751,arbitrum
135,135,18446744073709551752,100773879,1686571912,1686571912,18446744073709551752,arbitrum
136,136,18446744073709551753,100631229,1686658341,1686658341,18446744073709551753,arbitrum
137,137,18446744073709551754,100937761,1686724265,1686724265,18446744073709551754,arbitrum
138,138,18446744073709551755,100618615,1686746318,1686746318,18446744073709551755,arbitrum
139,139,18446744073709551756,100929144,1686777028,1686777028,18446744073709551756,arbitrum
140,140,18446744073709551757,100604796,1686788376,1686788376,18446744073709551757,arbitrum
141,141,18446744073709551758,100933719,1686790958,1686790958,18446744073709551758,arbitrum
142,142,18446744073709551759,101285715,1686828050,1686828050,18446744073709551759,arbitrum
143,143,18446744073709551760,100959804,1686828651,1686828651,18446744073709551760,arbitrum
144,144,18446744073709551761,101296107,1686838648,1686838648,18446744073709551761,arbitrum
145,145,18446744073709551762,100911455,1686854589,1686854589,18446744073709551762,arbitrum
146,146,18446744073709551763,101227752,1686861644,1686861644,18446744073709551763,arbitrum
147,147,18446744073709551764,101282523,1686948074,1686948074,18446744073709551764,arbitrum
148,148,18446744073709551765,100969573,1686958941,1686958941,18446744073709551765,arbitrum
149,149,18446744073709551766,100755372,1687045342,1687045342,18446744073709551766,arbitrum
150,150,18446744073709551767,100781289,1687131770,1687131770,18446744073709551767,arbitrum
151,151,18446744073709551768,100695142,1687218199,1687218199,18446744073709551768,arbitrum
152,152,18446744073709551769,100545476,1687304600,1687304600,18446744073709551769,arbitrum
153,153,18446744073709551770,100201245,1687356745,1687356745,18446744073709551770,arbitrum
154,154,18446744073709551771,100506497,1687357376,1687357376,18446744073709551771,arbitrum
155,155,18446744073709551772,100188971,1687365301,1687365301,18446744073709551772,arbitrum
156,156,18446744073709551773,100497157,1687370555,1687370555,18446744073709551773,arbitrum
157,157,18446744073709551774,101255040,1687383074,1687383074,18446744073709551774,arbitrum
158,158,18446744073709551775,100546804,1687383194,1687383194,18446744073709551775,arbitrum
159,159,18446744073709551776,100443439,1687469611,1687469611,18446744073709551776,arbitrum
160,160,18446744073709551777,100407492,1687556032,1687556032,18446744073709551777,arbitrum
161,161,18446744073709551778,100206237,1687642435,1687642435,18446744073709551778,arbitrum
162,162,18446744073709551779,100189880,1687728864,1687728864,18446744073709551779,arbitrum
163,163,18446744073709551780,100291145,1687815281,1687815281,18446744073709551780,arbitrum
164,164,18446744073709551781,100279013,1687901703,1687901703,18446744073709551781,arbitrum
165,165,18446744073709551782,100674996,1687981040,1687981040,18446744073709551782,arbitrum
166,166,18446744073709551783,100369470,1687981611,1687981611,18446744073709551783,arbitrum
167,167,18446744073709551784,100207591,1688068041,1688068041,18446744073709551784,arbitrum
168,168,18446744073709551785,100198474,1688154446,1688154446,18446744073709551785,arbitrum
169,169,18446744073709551786,100141049,1688240875,1688240875,18446744073709551786,arbitrum
170,170,18446744073709551787,100121669,1688327304,1688327304,18446744073709551787,arbitrum
171,171,18446744073709551788,100157782,1688413734,1688413734,18446744073709551788,arbitrum
172,172,18446744073709551789,100119405,1688500163,1688500163,18446744073709551789,arbitrum
173,173,18446744073709551790,100187909,1688586591,1688586591,18446744073709551790,arbitrum
174,174,18446744073709551791,100171156,1688673013,1688673013,18446744073709551791,arbitrum
175,175,18446744073709551792,100177228,1688759443,1688759443,18446744073709551792,arbitrum
176,176,18446744073709551793,100003624,1688845872,1688845872,18446744073709551793,arbitrum
177,177,18446744073709551794,99993988,1688932276,1688932276,18446744073709551794,arbitrum
178,178,18446744073709551795,99868126,1689018700,1689018700,18446744073709551795,arbitrum
179,179,18446744073709551796,99900786,1689105130,1689105130,18446744073709551796,arbitrum
180,180,18446744073709551797,99813887,1689191531,1689191531,18446744073709551797,arbitrum
181,181,18446744073709551798,99858252,1689277950,1689277950,18446744073709551798,arbitrum
182,182,18446744073709551799,99967718,1689364378,1689364378,18446744073709551799,arbitrum
183,183,18446744073709551800,99607084,1689436757,1689436757,18446744073709551800,arbitrum
184,184,18446744073709551801,99916502,1689446363,1689446363,18446744073709551801,arbitrum
185,185,18446744073709551802,99916502,1689446425,1689446425,18446744073709551802,arbitrum
186,186,18446744073709551803,99725913,1689532854,1689532854,18446744073709551803,arbitrum
187,187,18446744073709551804,99967439,1689619271,1689619271,18446744073709551804,arbitrum
188,188,18446744073709551805,99941894,1689705687,1689705687,18446744073709551805,arbitrum
189,189,18446744073709551806,99896302,1689792173,1689792173,18446744073709551806,arbitrum
190,190,18446744073709551807,99923190,1689878592,1689878592,18446744073709551807,arbitrum
191,191,18446744073709551808,99870802,1689964993,1689964993,18446744073709551808,arbitrum
192,192,18446744073709551809,99884099,1690051423,1690051423,18446744073709551809,arbitrum
193,193,18446744073709551810,99860360,1690137850,1690137850,18446744073709551810,arbitrum
194,194,18446744073709551811,99902038,1690224280,1690224280,18446744073709551811,arbitrum
195,195,18446744073709551812,99927969,1690310681,1690310681,18446744073709551812,arbitrum
196,196,18446744073709551813,99942036,1690397085,1690397085,18446744073709551813,arbitrum
197,197,18446744073709551814,99913432,1690483487,1690483487,18446744073709551814,arbitrum
198,198,18446744073709551815,99926185,1690569907,1690569907,18446744073709551815,arbitrum
199,199,18446744073709551816,99935588,1690656311,1690656311,18446744073709551816,arbitrum
200,200,18446744073709551817,99962315,1690742716,1690742716,18446744073709551817,arbitrum
201,201,18446744073709551818,99840678,1690829119,1690829119,18446744073709551818,arbitrum
202,202,18446744073709551819,99858873,1690915520,1690915520,18446744073709551819,arbitrum
203,203,18446744073709551820,99864034,1691001925,1691001925,18446744073709551820,arbitrum
204,204,18446744073709551821,99822005,1691088328,1691088328,18446744073709551821,arbitrum
205,205,18446744073709551822,99700437,1691174748,1691174748,18446744073709551822,arbitrum
206,206,18446744073709551823,99805839,1691261152,1691261152,18446744073709551823,arbitrum
207,207,18446744073709551824,99694397,1691347556,1691347556,18446744073709551824,arbitrum
208,208,18446744073709551825,99761599,1691433965,1691433965,18446744073709551825,arbitrum
209,209,18446744073709551826,99784400,1691520369,1691520369,18446744073709551826,arbitrum
210,210,18446744073709551827,99645045,1691606774,1691606774,18446744073709551827,arbitrum
211,211,18446744073709551828,99524412,1691693179,1691693179,18446744073709551828,arbitrum
212,212,18446744073709551829,99323322,1691779601,1691779601,18446744073709551829,arbitrum
213,213,18446744073709551830,99345434,1691866007,1691866007,18446744073709551830,arbitrum
214,214,18446744073709551831,99303651,1691952410,1691952410,18446744073709551831,arbitrum
215,215,18446744073709551832,99363732,1692038831,1692038831,18446744073709551832,arbitrum
216,216,18446744073709551833,99363912,1692125254,1692125254,18446744073709551833,arbitrum
217,217,18446744073709551834,99348058,1692211661,1692211661,18446744073709551834,arbitrum
218,218,18446744073709551835,99649734,1692294558,1692294558,18446744073709551835,arbitrum
219,219,18446744073709551836,99120241,1692307109,1692307109,18446744073709551836,arbitrum
220,220,18446744073709551837,99687948,1692308010,1692308010,18446744073709551837,arbitrum
221,221,18446744073709551838,99275148,1692308850,1692308850,18446744073709551838,arbitrum
222,222,18446744073709551839,99817298,1692309661,1692309661,18446744073709551839,arbitrum
223,223,18446744073709551840,99500092,1692343527,1692343527,18446744073709551840,arbitrum
224,224,18446744073709551841,99806159,1692381925,1692381925,18446744073709551841,arbitrum
225,225,18446744073709551842,99504146,1692418402,1692418402,18446744073709551842,arbitrum
226,226,18446744073709551843,99838419,1692478688,1692478688,18446744073709551843,arbitrum
227,227,18446744073709551844,99860911,1692565096,1692565096,18446744073709551844,arbitrum
228,228,18446744073709551845,99514098,1692578725,1692578725,18446744073709551845,arbitrum
229,229,18446744073709551846,99836264,1692579146,1692579146,18446744073709551846,arbitrum
230,230,18446744073709551847,99836281,1692665548,1692665548,18446744073709551847,arbitrum
231,231,18446744073709551848,99939063,1692751951,1692751951,18446744073709551848,arbitrum
232,232,18446744073709551849,99909576,1692838371,1692838371,18446744073709551849,arbitrum
233,233,18446744073709551850,99789102,1692924801,1692924801,18446744073709551850,arbitrum
234,234,18446744073709551851,100112804,1692996693,1692996693,18446744073709551851,arbitrum
235,235,18446744073709551852,99789541,1693061811,1693061811,18446744073709551852,arbitrum
236,236,18446744073709551853,99817018,1693148216,1693148216,18446744073709551853,arbitrum
237,237,18446744073709551854,99879072,1693234634,1693234634,18446744073709551854,arbitrum
238,238,18446744073709551855,99792739,1693321036,1693321036,18446744073709551855,arbitrum
239,239,18446744073709551856,99927614,1693407439,1693407439,18446744073709551856,arbitrum
240,240,18446744073709551857,99809803,1693493841,1693493841,18446744073709551857,arbitrum
241,241,18446744073709551858,99797817,1693580245,1693580245,18446744073709551858,arbitrum
242,242,18446744073709551859,99680637,1693666723,1693666723,18446744073709551859,arbitrum
243,243,18446744073709551860,99682423,1693666724,1693666724,18446744073709551860,arbitrum
244,244,18446744073709551861,99632638,1693753125,1693753125,18446744073709551861,arbitrum
245,245,18446744073709551862,99620889,1693839555,1693839555,18446744073709551862,arbitrum
246,246,18446744073709551863,99678179,1693925985,1693925985,18446744073709551863,arbitrum
247,247,18446744073709551864,99619591,1694012386,1694012386,18446744073709551864,arbitrum
248,248,18446744073709551865,99585972,1694098816,1694098816,18446744073709551865,arbitrum
249,249,18446744073709551866,99626515,1694185246,1694185246,18446744073709551866,arbitrum
250,250,18446744073709551867,99625703,1694271647,1694271647,18446744073709551867,arbitrum
251,251,18446744073709551868,99568361,1694358076,1694358076,18446744073709551868,arbitrum
252,252,18446744073709551869,99657643,1694444491,1694444491,18446744073709551869,arbitrum
253,253,18446744073709551870,99960903,1694525246,1694525246,18446744073709551870,arbitrum
254,254,18446744073709551871,99723200,1694611664,1694611664,18446744073709551871,arbitrum
255,255,18446744073709551872,99687833,1694698083,1694698083,18446744073709551872,arbitrum
256,256,18446744073709551873,99629096,1694784501,1694784501,18446744073709551873,arbitrum
257,257,18446744073709551874,99544200,1694870903,1694870903,18446744073709551874,arbitrum
258,258,18446744073709551875,99593102,1694957332,1694957332,18446744073709551875,arbitrum
259,259,18446744073709551876,99680830,1695043755,1695043755,18446744073709551876,arbitrum
260,260,18446744073709551877,99591091,1695130171,1695130171,18446744073709551877,arbitrum
261,261,18446744073709551878,99457113,1695216600,1695216600,18446744073709551878,arbitrum
262,262,18446744073709551879,99369175,1695303029,1695303029,18446744073709551879,arbitrum
263,263,18446744073709551880,99291289,1695389439,1695389439,18446744073709551880,arbitrum
264,264,18446744073709551881,99317633,1695475866,1695475866,18446744073709551881,arbitrum
265,265,18446744073709551882,99016770,1695545966,1695545966,18446744073709551882,arbitrum
266,266,18446744073709551883,99234886,1695632394,1695632394,18446744073709551883,arbitrum
267,267,18446744073709551884,99249447,1695718798,1695718798,18446744073709551884,arbitrum
268,268,18446744073709551885,99158337,1695805227,1695805227,18446744073709551885,arbitrum
269,269,18446744073709551886,99315615,1695891645,1695891645,18446744073709551886,arbitrum
270,270,18446744073709551887,99395863,1695978046,1695978046,18446744073709551887,arbitrum
271,271,18446744073709551888,99313067,1696064446,1696064446,18446744073709551888,arbitrum
272,272,18446744073709551889,99349020,1696150848,1696150848,18446744073709551889,arbitrum
273,273,18446744073709551890,99470402,1696237248,1696237248,18446744073709551890,arbitrum
274,274,18446744073709551891,99476258,1696323674,1696323674,18446744073709551891,arbitrum
275,275,18446744073709551892,99430583,1696410089,1696410089,18446744073709551892,arbitrum
276,276,18446744073709551893,99311601,1696496489,1696496489,18446744073709551893,arbitrum
277,277,18446744073709551894,99380557,1696582890,1696582890,18446744073709551894,arbitrum
278,278,18446744073709551895,99382079,1696669317,1696669317,18446744073709551895,arbitrum
279,279,18446744073709551896,99353933,1696755747,1696755747,18446744073709551896,arbitrum
280,280,18446744073709551897,99408078,1696842175,1696842175,18446744073709551897,arbitrum
281,281,18446744073709551898,99421047,1696928576,1696928576,18446744073709551898,arbitrum
282,282,18446744073709551899,99459423,1697015005,1697015005,18446744073709551899,arbitrum
283,283,18446744073709551900,99562728,1697101406,1697101406,18446744073709551900,arbitrum
284,284,18446744073709551901,99595811,1697187806,1697187806,18446744073709551901,arbitrum
285,285,18446744073709551902,99741763,1697274234,1697274234,18446744073709551902,arbitrum
286,286,18446744073709551903,99604066,1697360635,1697360635,18446744073709551903,arbitrum
287,287,18446744073709551904,99635962,1697447064,1697447064,18446744073709551904,arbitrum
288,288,18446744073709551905,99579676,1697533480,1697533480,18446744073709551905,arbitrum
289,289,18446744073709551906,99660910,1697619892,1697619892,18446744073709551906,arbitrum
290,290,18446744073709551907,99555383,1697706320,1697706320,18446744073709551907,arbitrum
291,291,18446744073709551908,99678022,1697792741,1697792741,18446744073709551908,arbitrum
292,292,18446744073709551909,99546934,1697879147,1697879147,18446744073709551909,arbitrum
293,293,18446744073709551910,99462353,1697965562,1697965562,18446744073709551910,arbitrum
294,294,18446744073709551911,99556315,1698051975,1698051975,18446744073709551911,arbitrum
295,295,18446744073709551912,99447683,1698138395,1698138395,18446744073709551912,arbitrum
296,296,18446744073709551913,99568766,1698224806,1698224806,18446744073709551913,arbitrum
297,297,18446744073709551914,99561077,1698311235,1698311235,18446744073709551914,arbitrum
298,298,18446744073709551915,99575834,1698397664,1698397664,18446744073709551915,arbitrum
299,299,18446744073709551916,99536128,1698484070,1698484070,18446744073709551916,arbitrum
300,300,18446744073709551917,99513769,1698570471,1698570471,18446744073709551917,arbitrum
301,301,18446744073709551918,99601547,1698656891,1698656891,18446744073709551918,arbitrum
302,302,18446744073709551919,99688590,1698743309,1698743309,18446744073709551919,arbitrum
303,303,18446744073709551920,99558615,1698829738,1698829738,18446744073709551920,arbitrum
304,304,18446744073709551921,99354090,1698916159,1698916159,18446744073709551921,arbitrum
305,305,18446744073709551922,99500288,1699002588,1699002588,18446744073709551922,arbitrum
306,306,18446744073709551923,99570854,1699089005,1699089005,18446744073709551923,arbitrum
307,307,18446744073709551924,99609270,1699175433,1699175433,18446744073709551924,arbitrum
308,308,18446744073709551925,99744795,1699261860,1699261860,18446744073709551925,arbitrum
309,309,18446744073709551926,99719664,1699348276,1699348276,18446744073709551926,arbitrum
310,310,18446744073709551927,99722585,1699434692,1699434692,18446744073709551927,arbitrum
311,311,18446744073709551928,99700052,1699521092,1699521092,18446744073709551928,arbitrum
312,312,18446744073709551929,99834782,1699607507,1699607507,18446744073709551929,arbitrum
313,313,18446744073709551930,99804753,1699693911,1699693911,18446744073709551930,arbitrum
314,314,18446744073709551931,99494529,1699738462,1699738462,18446744073709551931,arbitrum
315,315,18446744073709551932,99546034,1699824862,1699824862,18446744073709551932,arbitrum
316,316,18446744073709551933,99555104,1699911262,1699911262,18446744073709551933,arbitrum
317,317,18446744073709551934,99600085,1699997691,1699997691,18446744073709551934,arbitrum
318,318,18446744073709551935,99619543,1700084093,1700084093,18446744073709551935,arbitrum
319,319,18446744073709551936,99648601,1700170522,1700170522,18446744073709551936,arbitrum
320,320,18446744073709551937,99746620,1700256949,1700256949,18446744073709551937,arbitrum
321,321,18446744073709551938,99684062,1700343378,1700343378,18446744073709551938,arbitrum
322,322,18446744073709551939,99632293,1700429808,1700429808,18446744073709551939,arbitrum
323,323,18446744073709551940,99621813,1700516213,1700516213,18446744073709551940,arbitrum
324,324,18446744073709551941,99260625,1700594644,1700594644,18446744073709551941,arbitrum
325,325,18446744073709551942,99580697,1700641347,1700641347,18446744073709551942,arbitrum
326,326,18446744073709551943,99501302,1700727756,1700727756,18446744073709551943,arbitrum
327,327,18446744073709551944,99534272,1700814171,1700814171,18446744073709551944,arbitrum
328,328,18446744073709551945,99306568,1700900577,1700900577,18446744073709551945,arbitrum
329,329,18446744073709551946,99355498,1700987006,1700987006,18446744073709551946,arbitrum
330,330,18446744073709551947,99404811,1701073406,1701073406,18446744073709551947,arbitrum
331,331,18446744073709551948,99579672,1701159823,1701159823,18446744073709551948,arbitrum
332,332,18446744073709551949,99234325,1701197709,1701197709,18446744073709551949,arbitrum
333,333,18446744073709551950,99533204,1701200380,1701200380,18446744073709551950,arbitrum
334,334,18446744073709551951,99426088,1701286810,1701286810,18446744073709551951,arbitrum
335,335,18446744073709551952,99548735,1701373240,1701373240,18446744073709551952,arbitrum
336,336,18446744073709551953,99594521,1701459668,1701459668,18446744073709551953,arbitrum
337,337,18446744073709551954,99518104,1701546069,1701546069,18446744073709551954,arbitrum
338,338,18446744073709551955,99582161,1701632486,1701632486,18446744073709551955,arbitrum
339,339,18446744073709551956,99679797,1701718915,1701718915,18446744073709551956,arbitrum
340,340,18446744073709551957,99357246,1701798444,1701798444,18446744073709551957,arbitrum
341,341,18446744073709551958,99663250,1701798593,1701798593,18446744073709551958,arbitrum
342,342,18446744073709551959,99272270,1701817419,1701817419,18446744073709551959,arbitrum
343,343,18446744073709551960,99598162,1701818438,1701818438,18446744073709551960,arbitrum
344,344,18446744073709551961,99285890,1701826903,1701826903,18446744073709551961,arbitrum
345,345,18446744073709551962,99601994,1701839302,1701839302,18446744073709551962,arbitrum
346,346,18446744073709551963,99718776,1701925731,1701925731,18446744073709551963,arbitrum
347,347,18446744073709551964,99703523,1702012161,1702012161,18446744073709551964,arbitrum
348,348,18446744073709551965,99670340,1702098579,1702098579,18446744073709551965,arbitrum
349,349,18446744073709551966,99669768,1702184997,1702184997,18446744073709551966,arbitrum
350,350,18446744073709551967,99866642,1702271398,1702271398,18446744073709551967,arbitrum
351,351,18446744073709551968,99955282,1702357808,1702357808,18446744073709551968,arbitrum
352,352,18446744073709551969,100043254,1702444225,1702444225,18446744073709551969,arbitrum
353,353,18446744073709551970,99918126,1702530629,1702530629,18446744073709551970,arbitrum
354,354,18446744073709551971,99930143,1702617029,1702617029,18446744073709551971,arbitrum
355,355,18446744073709551972,99912831,1702703455,1702703455,18446744073709551972,arbitrum
356,356,18446744073709551973,99864038,1702789876,1702789876,18446744073709551973,arbitrum
357,357,18446744073709551974,99969739,1702876299,1702876299,18446744073709551974,arbitrum
358,358,18446744073709551975,99853748,1702962722,1702962722,18446744073709551975,arbitrum
359,359,18446744073709551976,99678132,1703049138,1703049138,18446744073709551976,arbitrum
360,360,18446744073709551977,99694049,1703135563,1703135563,18446744073709551977,arbitrum
361,361,18446744073709551978,99700182,1703221987,1703221987,18446744073709551978,arbitrum
362,362,18446744073709551979,99698177,1703308410,1703308410,18446744073709551979,arbitrum
363,363,18446744073709551980,99695911,1703394834,1703394834,18446744073709551980,arbitrum
364,364,18446744073709551981,99722355,1703481258,1703481258,18446744073709551981,arbitrum
365,365,18446744073709551982,99702152,1703567682,1703567682,18446744073709551982,arbitrum
366,366,18446744073709551983,99777261,1703654095,1703654095,18446744073709551983,arbitrum
367,367,18446744073709551984,99717217,1703740520,1703740520,18446744073709551984,arbitrum
368,368,18446744073709551985,99717010,1703826945,1703826945,18446744073709551985,arbitrum
369,369,18446744073709551986,99743007,1703913369,1703913369,18446744073709551986,arbitrum
370,370,18446744073709551987,99681054,1703999781,1703999781,18446744073709551987,arbitrum
371,371,18446744073709551988,99671595,1704086205,1704086205,18446744073709551988,arbitrum
372,372,18446744073709551989,99508399,1704172631,1704172631,18446744073709551989,arbitrum
373,373,18446744073709551990,99208306,1704209167,1704209167,18446744073709551990,arbitrum
374,374,18446744073709551991,99514702,1704214268,1704214268,18446744073709551991,arbitrum
375,375,18446744073709551992,99835744,1704286585,1704286585,18446744073709551992,arbitrum
376,376,18446744073709551993,99686449,1704373010,1704373010,18446744073709551993,arbitrum
377,377,18446744073709551994,100077986,1704436260,1704436260,18446744073709551994,arbitrum
378,378,18446744073709551995,100394349,1704437281,1704437281,18446744073709551995,arbitrum
379,379,18446744073709551996,100700012,1704445326,1704445326,18446744073709551996,arbitrum
380,380,18446744073709551997,100392951,1704476836,1704476836,18446744073709551997,arbitrum
381,381,18446744073709551998,99874484,1704553983,1704553983,18446744073709551998,arbitrum
382,382,18446744073709551999,100055999,1704640383,1704640383,18446744073709551999,arbitrum
383,383,18446744073709552000,101119675,1704659026,1704659026,18446744073709552000,arbitrum
384,384,18446744073709552001,100796531,1704662479,1704662479,18446744073709552001,arbitrum
385,385,18446744073709552002,101116936,1704700542,1704700542,18446744073709552002,arbitrum
386,386,18446744073709552003,101434150,1704743426,1704743426,18446744073709552003,arbitrum
387,387,18446744073709552004,101084540,1704752943,1704752943,18446744073709552004,arbitrum
388,388,18446744073709552005,101547368,1704757295,1704757295,18446744073709552005,arbitrum
389,389,18446744073709552006,101949340,1704763959,1704763959,18446744073709552006,arbitrum
390,390,18446744073709552007,101611067,1704788352,1704788352,18446744073709552007,arbitrum
391,391,18446744073709552008,102179743,1704794777,1704794777,18446744073709552008,arbitrum
392,392,18446744073709552009,102537657,1704795347,1704795347,18446744073709552009,arbitrum
393,393,18446744073709552010,101776739,1704803573,1704803573,18446744073709552010,arbitrum
394,394,18446744073709552011,102123375,1704803694,1704803694,18446744073709552011,arbitrum
395,395,18446744073709552012,102591737,1704804774,1704804774,18446744073709552012,arbitrum
396,396,18446744073709552013,102093532,1704822126,1704822126,18446744073709552013,arbitrum
397,397,18446744073709552014,101771713,1704822906,1704822906,18446744073709552014,arbitrum
398,398,18446744073709552015,101464695,1704823446,1704823446,18446744073709552015,arbitrum
399,399,18446744073709552016,102449176,1704830321,1704830321,18446744073709552016,arbitrum
400,400,18446744073709552017,102109046,1704831371,1704831371,18446744073709552017,arbitrum
401,401,18446744073709552018,101697948,1704843560,1704843560,18446744073709552018,arbitrum
402,402,18446744073709552019,102207637,1704899035,1704899035,18446744073709552019,arbitrum
403,403,18446744073709552020,101900527,1704900446,1704900446,18446744073709552020,arbitrum
404,404,18446744073709552021,102230414,1704908539,1704908539,18446744073709552021,arbitrum
405,405,18446744073709552022,102622640,1704910940,1704910940,18446744073709552022,arbitrum
406,406,18446744073709552023,102288344,1704918355,1704918355,18446744073709552023,arbitrum
407,407,18446744073709552024,102802025,1704920397,1704920397,18446744073709552024,arbitrum
408,408,18446744073709552025,102425372,1704920547,1704920547,18446744073709552025,arbitrum
409,409,18446744073709552026,102779853,1704922798,1704922798,18446744073709552026,arbitrum
410,410,18446744073709552027,102327576,1704927961,1704927961,18446744073709552027,arbitrum
411,411,18446744073709552028,103416634,1704929282,1704929282,18446744073709552028,arbitrum
412,412,18446744073709552029,104027985,1704930033,1704930033,18446744073709552029,arbitrum
413,413,18446744073709552030,103492078,1704930183,1704930183,18446744073709552030,arbitrum
414,414,18446744073709552031,103050450,1704931024,1704931024,18446744073709552031,arbitrum
415,415,18446744073709552032,103446101,1704931264,1704931264,18446744073709552032,arbitrum
416,416,18446744073709552033,103037680,1704940300,1704940300,18446744073709552033,arbitrum
417,417,18446744073709552034,102611463,1704944833,1704944833,18446744073709552034,arbitrum
418,418,18446744073709552035,102201857,1704946215,1704946215,18446744073709552035,arbitrum
419,419,18446744073709552036,101814744,1704946335,1704946335,18446744073709552036,arbitrum
420,420,18446744073709552037,101358625,1704951829,1704951829,18446744073709552037,arbitrum
421,421,18446744073709552038,101952624,1704952399,1704952399,18446744073709552038,arbitrum
422,422,18446744073709552039,102666235,1704952579,1704952579,18446744073709552039,arbitrum
423,423,18446744073709552040,103121320,1704952789,1704952789,18446744073709552040,arbitrum
424,424,18446744073709552041,102788014,1704953362,1704953362,18446744073709552041,arbitrum
425,425,18446744073709552042,103403554,1704953570,1704953570,18446744073709552042,arbitrum
426,426,18446744073709552043,103727381,1704953630,1704953630,18446744073709552043,arbitrum
427,427,18446744073709552044,103254937,1704954080,1704954080,18446744073709552044,arbitrum
428,428,18446744073709552045,102778369,1704954410,1704954410,18446744073709552045,arbitrum
429,429,18446744073709552046,102458218,1704954650,1704954650,18446744073709552046,arbitrum
430,430,18446744073709552047,102076938,1704955310,1704955310,18446744073709552047,arbitrum
431,431,18446744073709552048,101721807,1704977825,1704977825,18446744073709552048,arbitrum
432,432,18446744073709552049,102124765,1704984760,1704984760,18446744073709552049,arbitrum
433,433,18446744073709552050,101804417,1704995464,1704995464,18446744073709552050,arbitrum
434,434,18446744073709552051,101465672,1705005163,1705005163,18446744073709552051,arbitrum
435,435,18446744073709552052,101100465,1705016720,1705016720,18446744073709552052,arbitrum
436,436,18446744073709552053,100883017,1705103136,1705103136,18446744073709552053,arbitrum
437,437,18446744073709552054,101187738,1705183979,1705183979,18446744073709552054,arbitrum
438,438,18446744073709552055,100833057,1705208120,1705208120,18446744073709552055,arbitrum
439,439,18446744073709552056,100906590,1705294548,1705294548,18446744073709552056,arbitrum
440,440,18446744073709552057,100916002,1705380975,1705380975,18446744073709552057,arbitrum
441,441,18446744073709552058,100813402,1705467391,1705467391,18446744073709552058,arbitrum
442,442,18446744073709552059,100902074,1705553818,1705553818,18446744073709552059,arbitrum
443,443,18446744073709552060,100814145,1705640231,1705640231,18446744073709552060,arbitrum
444,444,18446744073709552061,100494166,1705662531,1705662531,18446744073709552061,arbitrum
445,445,18446744073709552062,100280097,1705748941,1705748941,18446744073709552062,arbitrum
446,446,18446744073709552063,100169441,1705835354,1705835354,18446744073709552063,arbitrum
447,447,18446744073709552064,100375058,1705921759,1705921759,18446744073709552064,arbitrum
448,448,18446744073709552065,100183557,1706008169,1706008169,18446744073709552065,arbitrum
449,449,18446744073709552066,100485820,1706090153,1706090153,18446744073709552066,arbitrum
450,450,18446744073709552067,100420680,1706176561,1706176561,18446744073709552067,arbitrum
451,451,18446744073709552068,100188916,1706262970,1706262970,18446744073709552068,arbitrum
452,452,18446744073709552069,100320810,1706349378,1706349378,18446744073709552069,arbitrum
453,453,18446744073709552070,100276590,1706435804,1706435804,18446744073709552070,arbitrum
454,454,18446744073709552071,100287092,1706522212,1706522212,18446744073709552071,arbitrum
455,455,18446744073709552072,100160713,1706608614,1706608614,18446744073709552072,arbitrum
456,456,18446744073709552073,100060978,1706695041,1706695041,18446744073709552073,arbitrum
457,457,18446744073709552074,99970678,1706781471,1706781471,18446744073709552074,arbitrum
458,458,18446744073709552075,100003136,1706867880,1706867880,18446744073709552075,arbitrum
459,459,18446744073709552076,99899505,1706954289,1706954289,18446744073709552076,arbitrum
460,460,18446744073709552077,99848782,1707040714,1707040714,18446744073709552077,arbitrum
461,461,18446744073709552078,99818415,1707127123,1707127123,18446744073709552078,arbitrum
462,462,18446744073709552079,99796927,1707213549,1707213549,18446744073709552079,arbitrum
463,463,18446744073709552080,99770895,1707299957,1707299957,18446744073709552080,arbitrum
464,464,18446744073709552081,99606974,1707386375,1707386375,18446744073709552081,arbitrum
465,465,18446744073709552082,99667973,1707472787,1707472787,18446744073709552082,arbitrum
466,466,18446744073709552083,99701670,1707559203,1707559203,18446744073709552083,arbitrum
467,467,18446744073709552084,99694138,1707645618,1707645618,18446744073709552084,arbitrum
468,468,18446744073709552085,99738967,1707732045,1707732045,18446744073709552085,arbitrum
469,469,18446744073709552086,99740945,1707818448,1707818448,18446744073709552086,arbitrum
470,470,18446744073709552087,99706328,1707904857,1707904857,18446744073709552087,arbitrum
471,471,18446744073709552088,99657590,1707991260,1707991260,18446744073709552088,arbitrum
472,472,18446744073709552089,99753676,1708077682,1708077682,18446744073709552089,arbitrum
473,473,18446744073709552090,99610438,1708164102,1708164102,18446744073709552090,arbitrum
474,474,18446744073709552091,99671118,1708250511,1708250511,18446744073709552091,arbitrum
475,475,18446744073709552092,99690123,1708336936,1708336936,18446744073709552092,arbitrum
476,476,18446744073709552093,99583832,1708423349,1708423349,18446744073709552093,arbitrum
477,477,18446744073709552094,99266323,1708463875,1708463875,18446744073709552094,arbitrum
478,478,18446744073709552095,99469451,1708550291,1708550291,18446744073709552095,arbitrum
479,479,18446744073709552096,99507835,1708636694,1708636694,18446744073709552096,arbitrum
480,480,18446744073709552097,99566098,1708723109,1708723109,18446744073709552097,arbitrum
481,481,18446744073709552098,99543355,1708809519,1708809519,18446744073709552098,arbitrum
482,482,18446744073709552099,99595020,1708895928,1708895928,18446744073709552099,arbitrum
483,483,18446744073709552100,99539496,1708982357,1708982357,18446744073709552100,arbitrum
484,484,18446744073709552101,99557034,1709068775,1709068775,18446744073709552101,arbitrum
485,485,18446744073709552102,99252125,1709141700,1709141700,18446744073709552102,arbitrum
486,486,18446744073709552103,99558078,1709145061,1709145061,18446744073709552103,arbitrum
487,487,18446744073709552104,99493154,1709231471,1709231471,18446744073709552104,arbitrum
488,488,18446744073709552105,99596640,1709317882,1709317882,18446744073709552105,arbitrum
489,489,18446744073709552106,99592674,1709404292,1709404292,18446744073709552106,arbitrum
490,490,18446744073709552107,99581672,1709490702,1709490702,18446744073709552107,arbitrum
491,491,18446744073709552108,99759635,1709577129,1709577129,18446744073709552108,arbitrum
492,492,18446744073709552109,99794277,1709663539,1709663539,18446744073709552109,arbitrum
493,493,18446744073709552110,100220241,1709724137,1709724137,18446744073709552110,arbitrum
494,494,18446744073709552111,99862603,1709729450,1709729450,18446744073709552111,arbitrum
495,495,18446744073709552112,99481035,1709730770,1709730770,18446744073709552112,arbitrum
496,496,18446744073709552113,99610816,1709817172,1709817172,18446744073709552113,arbitrum
497,497,18446744073709552114,99636774,1709903591,1709903591,18446744073709552114,arbitrum
498,498,18446744073709552115,99853134,1709990004,1709990004,18446744073709552115,arbitrum
499,499,18446744073709552116,99791071,1710076415,1710076415,18446744073709552116,arbitrum
500,500,18446744073709552117,99585521,1710162826,1710162826,18446744073709552117,arbitrum
501,501,18446744073709552118,99406395,1710249227,1710249227,18446744073709552118,arbitrum
502,502,18446744073709552119,99707412,1710312046,1710312046,18446744073709552119,arbitrum
503,503,18446744073709552120,99637461,1710398455,1710398455,18446744073709552120,arbitrum
504,504,18446744073709552121,99325406,1710418864,1710418864,18446744073709552121,arbitrum
505,505,18446744073709552122,99652609,1710424884,1710424884,18446744073709552122,arbitrum
506,506,18446744073709552123,99345997,1710426925,1710426925,18446744073709552123,arbitrum
507,507,18446744073709552124,99682239,1710428098,1710428098,18446744073709552124,arbitrum
508,508,18446744073709552125,99320609,1710429747,1710429747,18446744073709552125,arbitrum
509,509,18446744073709552126,99676468,1710431097,1710431097,18446744073709552126,arbitrum
510,510,18446744073709552127,99367771,1710432148,1710432148,18446744073709552127,arbitrum
511,511,18446744073709552128,99683806,1710432417,1710432417,18446744073709552128,arbitrum
512,512,18446744073709552129,99265578,1710432778,1710432778,18446744073709552129,arbitrum
513,513,18446744073709552130,99698194,1710434188,1710434188,18446744073709552130,arbitrum
514,514,18446744073709552131,99383414,1710436319,1710436319,18446744073709552131,arbitrum
515,515,18446744073709552132,99693041,1710437881,1710437881,18446744073709552132,arbitrum
516,516,18446744073709552133,99298482,1710438300,1710438300,18446744073709552133,arbitrum
517,517,18446744073709552134,99638385,1710438720,1710438720,18446744073709552134,arbitrum
518,518,18446744073709552135,99310180,1710439921,1710439921,18446744073709552135,arbitrum
519,519,18446744073709552136,99613648,1710440491,1710440491,18446744073709552136,arbitrum
520,520,18446744073709552137,99301235,1710442232,1710442232,18446744073709552137,arbitrum
521,521,18446744073709552138,99733595,1710443223,1710443223,18446744073709552138,arbitrum
522,522,18446744073709552139,99343868,1710443733,1710443733,18446744073709552139,arbitrum
523,523,18446744073709552140,99031861,1710444873,1710444873,18446744073709552140,arbitrum
524,524,18446744073709552141,99336758,1710445684,1710445684,18446744073709552141,arbitrum
525,525,18446744073709552142,99707957,1710446074,1710446074,18446744073709552142,arbitrum
526,526,18446744073709552143,99056415,1710446464,1710446464,18446744073709552143,arbitrum
527,527,18446744073709552144,99642306,1710446644,1710446644,18446744073709552144,arbitrum
528,528,18446744073709552145,99308868,1710450126,1710450126,18446744073709552145,arbitrum
529,529,18446744073709552146,99666533,1710451116,1710451116,18446744073709552146,arbitrum
530,530,18446744073709552147,99310728,1710451927,1710451927,18446744073709552147,arbitrum
531,531,18446744073709552148,99619707,1710452738,1710452738,18446744073709552148,arbitrum
532,532,18446744073709552149,99307913,1710459130,1710459130,18446744073709552149,arbitrum
533,533,18446744073709552150,99627647,1710462162,1710462162,18446744073709552150,arbitrum
534,534,18446744073709552151,99310143,1710463602,1710463602,18446744073709552151,arbitrum
535,535,18446744073709552152,99649366,1710471766,1710471766,18446744073709552152,arbitrum
536,536,18446744073709552153,99268340,1710472366,1710472366,18446744073709552153,arbitrum
537,537,18446744073709552154,99566151,1710472546,1710472546,18446744073709552154,arbitrum
538,538,18446744073709552155,99137426,1710473117,1710473117,18446744073709552155,arbitrum
539,539,18446744073709552156,99505270,1710473987,1710473987,18446744073709552156,arbitrum
540,540,18446744073709552157,99157391,1710475277,1710475277,18446744073709552157,arbitrum
541,541,18446744073709552158,99533300,1710476058,1710476058,18446744073709552158,arbitrum
542,542,18446744073709552159,99203737,1710476898,1710476898,18446744073709552159,arbitrum
543,543,18446744073709552160,99514497,1710478489,1710478489,18446744073709552160,arbitrum
544,544,18446744073709552161,99177683,1710481280,1710481280,18446744073709552161,arbitrum
545,545,18446744073709552162,99479741,1710482151,1710482151,18446744073709552162,arbitrum
546,546,18446744073709552163,99798582,1710484131,1710484131,18446744073709552163,arbitrum
547,547,18446744073709552164,99477274,1710485062,1710485062,18446744073709552164,arbitrum
548,548,18446744073709552165,99806937,1710495884,1710495884,18446744073709552165,arbitrum
549,549,18446744073709552166,99463530,1710497535,1710497535,18446744073709552166,arbitrum
550,550,18446744073709552167,99810486,1710502487,1710502487,18446744073709552167,arbitrum
551,551,18446744073709552168,99413015,1710504558,1710504558,18446744073709552168,arbitrum
552,552,18446744073709552169,99739452,1710505609,1710505609,18446744073709552169,arbitrum
553,553,18446744073709552170,99367633,1710506569,1710506569,18446744073709552170,arbitrum
554,554,18446744073709552171,99728494,1710507289,1710507289,18446744073709552171,arbitrum
555,555,18446744073709552172,99295367,1710508340,1710508340,18446744073709552172,arbitrum
556,556,18446744073709552173,99658950,1710509841,1710509841,18446744073709552173,arbitrum
557,557,18446744073709552174,99356381,1710511641,1710511641,18446744073709552174,arbitrum
558,558,18446744073709552175,99687516,1710512812,1710512812,18446744073709552175,arbitrum
559,559,18446744073709552176,99315495,1710513322,1710513322,18446744073709552176,arbitrum
560,560,18446744073709552177,99640026,1710514163,1710514163,18446744073709552177,arbitrum
561,561,18446744073709552178,99320369,1710515513,1710515513,18446744073709552178,arbitrum
562,562,18446744073709552179,99694828,1710516654,1710516654,18446744073709552179,arbitrum
563,563,18446744073709552180,99304561,1710517104,1710517104,18446744073709552180,arbitrum
564,564,18446744073709552181,99623684,1710517254,1710517254,18446744073709552181,arbitrum
565,565,18446744073709552182,99312314,1710517824,1710517824,18446744073709552182,arbitrum
566,566,18446744073709552183,99618391,1710520856,1710520856,18446744073709552183,arbitrum
567,567,18446744073709552184,99314580,1710520976,1710520976,18446744073709552184,arbitrum
568,568,18446744073709552185,99649282,1710523047,1710523047,18446744073709552185,arbitrum
569,569,18446744073709552186,99287370,1710527220,1710527220,18446744073709552186,arbitrum
570,570,18446744073709552187,99697626,1710528270,1710528270,18446744073709552187,arbitrum
571,571,18446744073709552188,99264285,1710529350,1710529350,18446744073709552188,arbitrum
572,572,18446744073709552189,99651674,1710532922,1710532922,18446744073709552189,arbitrum
573,573,18446744073709552190,99279450,1710533133,1710533133,18446744073709552190,arbitrum
574,574,18446744073709552191,99582112,1710534003,1710534003,18446744073709552191,arbitrum
575,575,18446744073709552192,99268432,1710534873,1710534873,18446744073709552192,arbitrum
576,576,18446744073709552193,99632380,1710536704,1710536704,18446744073709552193,arbitrum
577,577,18446744073709552194,99257666,1710538264,1710538264,18446744073709552194,arbitrum
578,578,18446744073709552195,99564566,1710539825,1710539825,18446744073709552195,arbitrum
579,579,18446744073709552196,99262434,1710555312,1710555312,18446744073709552196,arbitrum
580,580,18446744073709552197,99584108,1710571790,1710571790,18446744073709552197,arbitrum
581,581,18446744073709552198,99251037,1710576261,1710576261,18446744073709552198,arbitrum
582,582,18446744073709552199,99605244,1710589258,1710589258,18446744073709552199,arbitrum
583,583,18446744073709552200,99304293,1710590278,1710590278,18446744073709552200,arbitrum
584,584,18446744073709552201,99647679,1710592079,1710592079,18446744073709552201,arbitrum
585,585,18446744073709552202,99208669,1710592679,1710592679,18446744073709552202,arbitrum
586,586,18446744073709552203,99518875,1710595200,1710595200,18446744073709552203,arbitrum
587,587,18446744073709552204,99181135,1710599462,1710599462,18446744073709552204,arbitrum
588,588,18446744073709552205,99533807,1710600273,1710600273,18446744073709552205,arbitrum
589,589,18446744073709552206,99194126,1710619182,1710619182,18446744073709552206,arbitrum
590,590,18446744073709552207,99499838,1710619902,1710619902,18446744073709552207,arbitrum
591,591,18446744073709552208,99198368,1710630947,1710630947,18446744073709552208,arbitrum
592,592,18446744073709552209,99719111,1710631518,1710631518,18446744073709552209,arbitrum
593,593,18446744073709552210,99239347,1710631878,1710631878,18446744073709552210,arbitrum
594,594,18446744073709552211,99585886,1710632238,1710632238,18446744073709552211,arbitrum
595,595,18446744073709552212,99238725,1710635839,1710635839,18446744073709552212,arbitrum
596,596,18446744073709552213,99564789,1710636050,1710636050,18446744073709552213,arbitrum
597,597,18446744073709552214,99218801,1710637310,1710637310,18446744073709552214,arbitrum
598,598,18446744073709552215,99609772,1710637791,1710637791,18446744073709552215,arbitrum
599,599,18446744073709552216,99300726,1710656278,1710656278,18446744073709552216,arbitrum
600,600,18446744073709552217,99670731,1710660600,1710660600,18446744073709552217,arbitrum
601,601,18446744073709552218,99303874,1710661170,1710661170,18446744073709552218,arbitrum
602,602,18446744073709552219,99690375,1710661440,1710661440,18446744073709552219,arbitrum
603,603,18446744073709552220,99380683,1710663181,1710663181,18446744073709552220,arbitrum
604,604,18446744073709552221,99723110,1710664112,1710664112,18446744073709552221,arbitrum
605,605,18446744073709552222,99385328,1710668704,1710668704,18446744073709552222,arbitrum
606,606,18446744073709552223,99714833,1710670324,1710670324,18446744073709552223,arbitrum
607,607,18446744073709552224,99394313,1710672005,1710672005,18446744073709552224,arbitrum
608,608,18446744073709552225,99700518,1710672695,1710672695,18446744073709552225,arbitrum
609,609,18446744073709552226,99393725,1710675067,1710675067,18446744073709552226,arbitrum
610,610,18446744073709552227,99708739,1710680770,1710680770,18446744073709552227,arbitrum
611,611,18446744073709552228,99388423,1710681940,1710681940,18446744073709552228,arbitrum
612,612,18446744073709552229,99727187,1710696977,1710696977,18446744073709552229,arbitrum
613,613,18446744073709552230,99424130,1710698897,1710698897,18446744073709552230,arbitrum
614,614,18446744073709552231,99725863,1710705681,1710705681,18446744073709552231,arbitrum
615,615,18446744073709552232,99420174,1710708862,1710708862,18446744073709552232,arbitrum
616,616,18446744073709552233,99121821,1710722518,1710722518,18446744073709552233,arbitrum
617,617,18446744073709552234,99626126,1710722698,1710722698,18446744073709552234,arbitrum
618,618,18446744073709552235,99135975,1710723988,1710723988,18446744073709552235,arbitrum
619,619,18446744073709552236,99594692,1710724408,1710724408,18446744073709552236,arbitrum
620,620,18446744073709552237,99281686,1710729451,1710729451,18446744073709552237,arbitrum
621,621,18446744073709552238,99588759,1710729661,1710729661,18446744073709552238,arbitrum
622,622,18446744073709552239,99257898,1710750130,1710750130,18446744073709552239,arbitrum
623,623,18446744073709552240,99687063,1710752081,1710752081,18446744073709552240,arbitrum
624,624,18446744073709552241,99325363,1710752681,1710752681,18446744073709552241,arbitrum
625,625,18446744073709552242,99643034,1710753761,1710753761,18446744073709552242,arbitrum
626,626,18446744073709552243,99299920,1710755112,1710755112,18446744073709552243,arbitrum
627,627,18446744073709552244,99654034,1710758654,1710758654,18446744073709552244,arbitrum
628,628,18446744073709552245,99337556,1710768408,1710768408,18446744073709552245,arbitrum
629,629,18446744073709552246,99688301,1710769132,1710769132,18446744073709552246,arbitrum
630,630,18446744073709552247,99325681,1710769579,1710769579,18446744073709552247,arbitrum
631,631,18446744073709552248,99702895,1710771289,1710771289,18446744073709552248,arbitrum
632,632,18446744073709552249,99308408,1710772370,1710772370,18446744073709552249,arbitrum
633,633,18446744073709552250,99608192,1710773390,1710773390,18446744073709552250,arbitrum
634,634,18446744073709552251,99194340,1710773690,1710773690,18446744073709552251,arbitrum
635,635,18446744073709552252,99595767,1710774231,1710774231,18446744073709552252,arbitrum
636,636,18446744073709552253,99229066,1710774561,1710774561,18446744073709552253,arbitrum
637,637,18446744073709552254,99535223,1710775611,1710775611,18446744073709552254,arbitrum
638,638,18446744073709552255,99204777,1710780924,1710780924,18446744073709552255,arbitrum
639,639,18446744073709552256,99507264,1710782274,1710782274,18446744073709552256,arbitrum
640,640,18446744073709552257,99183971,1710782845,1710782845,18446744073709552257,arbitrum
641,641,18446744073709552258,99500385,1710784075,1710784075,18446744073709552258,arbitrum
642,642,18446744073709552259,99195666,1710809827,1710809827,18446744073709552259,arbitrum
643,643,18446744073709552260,99526468,1710811207,1710811207,18446744073709552260,arbitrum
644,644,18446744073709552261,99212209,1710812018,1710812018,18446744073709552261,arbitrum
645,645,18446744073709552262,99615650,1710812798,1710812798,18446744073709552262,arbitrum
646,646,18446744073709552263,99297709,1710814119,1710814119,18446744073709552263,arbitrum
647,647,18446744073709552264,99735714,1710814238,1710814238,18446744073709552264,arbitrum
648,648,18446744073709552265,99416372,1710816550,1710816550,18446744073709552265,arbitrum
649,649,18446744073709552266,99714826,1710817030,1710817030,18446744073709552266,arbitrum
650,650,18446744073709552267,99415486,1710818110,1710818110,18446744073709552267,arbitrum
651,651,18446744073709552268,99744905,1710820361,1710820361,18446744073709552268,arbitrum
652,652,18446744073709552269,99367754,1710821952,1710821952,18446744073709552269,arbitrum
653,653,18446744073709552270,99691011,1710822522,1710822522,18446744073709552270,arbitrum
654,654,18446744073709552271,99324222,1710823543,1710823543,18446744073709552271,arbitrum
655,655,18446744073709552272,99725637,1710824623,1710824623,18446744073709552272,arbitrum
656,656,18446744073709552273,99281029,1710825313,1710825313,18446744073709552273,arbitrum
657,657,18446744073709552274,99689138,1710826484,1710826484,18446744073709552274,arbitrum
658,658,18446744073709552275,99383286,1710827054,1710827054,18446744073709552275,arbitrum
659,659,18446744073709552276,99692172,1710827835,1710827835,18446744073709552276,arbitrum
660,660,18446744073709552277,99322358,1710829425,1710829425,18446744073709552277,arbitrum
661,661,18446744073709552278,99752762,1710831466,1710831466,18446744073709552278,arbitrum
662,662,18446744073709552279,99162445,1710832156,1710832156,18446744073709552279,arbitrum
663,663,18446744073709552280,99522711,1710833026,1710833026,18446744073709552280,arbitrum
664,664,18446744073709552281,99131010,1710836568,1710836568,18446744073709552281,arbitrum
665,665,18446744073709552282,99663883,1710837408,1710837408,18446744073709552282,arbitrum
666,666,18446744073709552283,99292711,1710838039,1710838039,18446744073709552283,arbitrum
667,667,18446744073709552284,99633524,1710839870,1710839870,18446744073709552284,arbitrum
668,668,18446744073709552285,99257426,1710840170,1710840170,18446744073709552285,arbitrum
669,669,18446744073709552286,99559918,1710840410,1710840410,18446744073709552286,arbitrum
670,670,18446744073709552287,99205869,1710841371,1710841371,18446744073709552287,arbitrum
671,671,18446744073709552288,99646259,1710841821,1710841821,18446744073709552288,arbitrum
672,672,18446744073709552289,99336523,1710843232,1710843232,18446744073709552289,arbitrum
673,673,18446744073709552290,99635946,1710844672,1710844672,18446744073709552290,arbitrum
674,674,18446744073709552291,99332718,1710847944,1710847944,18446744073709552291,arbitrum
675,675,18446744073709552292,99718807,1710848244,1710848244,18446744073709552292,arbitrum
676,676,18446744073709552293,99344845,1710850795,1710850795,18446744073709552293,arbitrum
677,677,18446744073709552294,99666078,1710851846,1710851846,18446744073709552294,arbitrum
678,678,18446744073709552295,99347233,1710853706,1710853706,18446744073709552295,arbitrum
679,679,18446744073709552296,99742194,1710854697,1710854697,18446744073709552296,arbitrum
680,680,18446744073709552297,99427272,1710855447,1710855447,18446744073709552297,arbitrum
681,681,18446744073709552298,99728991,1710864061,1710864061,18446744073709552298,arbitrum
682,682,18446744073709552299,99382334,1710869704,1710869704,18446744073709552299,arbitrum
683,683,18446744073709552300,99019595,1710897376,1710897376,18446744073709552300,arbitrum
684,684,18446744073709552301,99338766,1710897618,1710897618,18446744073709552301,arbitrum
685,685,18446744073709552302,98970346,1710897826,1710897826,18446744073709552302,arbitrum
686,686,18446744073709552303,99510472,1710898307,1710898307,18446744073709552303,arbitrum
687,687,18446744073709552304,99153210,1710898486,1710898486,18446744073709552304,arbitrum
688,688,18446744073709552305,99461698,1710898696,1710898696,18446744073709552305,arbitrum
689,689,18446744073709552306,99085276,1710906950,1710906950,18446744073709552306,arbitrum
690,690,18446744073709552307,99512184,1710907943,1710907943,18446744073709552307,arbitrum
691,691,18446744073709552308,99114000,1710908721,1710908721,18446744073709552308,arbitrum
692,692,18446744073709552309,99446252,1710909891,1710909891,18446744073709552309,arbitrum
693,693,18446744073709552310,99756067,1710953351,1710953351,18446744073709552310,arbitrum
694,694,18446744073709552311,99446504,1711027513,1711027513,18446744073709552311,arbitrum
695,695,18446744073709552312,99778356,1711030905,1711030905,18446744073709552312,arbitrum
696,696,18446744073709552313,99437389,1711032616,1711032616,18446744073709552313,arbitrum
697,697,18446744073709552314,99736522,1711040600,1711040600,18446744073709552314,arbitrum
698,698,18446744073709552315,99396355,1711041620,1711041620,18446744073709552315,arbitrum
699,699,18446744073709552316,99749779,1711049754,1711049754,18446744073709552316,arbitrum
700,700,18446744073709552317,99351395,1711050414,1711050414,18446744073709552317,arbitrum
701,701,18446744073709552318,99655936,1711051255,1711051255,18446744073709552318,arbitrum
702,702,18446744073709552319,99234029,1711051405,1711051405,18446744073709552319,arbitrum
703,703,18446744073709552320,99713084,1711052395,1711052395,18446744073709552320,arbitrum
704,704,18446744073709552321,99259673,1711052965,1711052965,18446744073709552321,arbitrum
705,705,18446744073709552322,99596972,1711053055,1711053055,18446744073709552322,arbitrum
706,706,18446744073709552323,99268016,1711053296,1711053296,18446744073709552323,arbitrum
707,707,18446744073709552324,99566317,1711056538,1711056538,18446744073709552324,arbitrum
708,708,18446744073709552325,99265622,1711056748,1711056748,18446744073709552325,arbitrum
709,709,18446744073709552326,99566793,1711057078,1711057078,18446744073709552326,arbitrum
710,710,18446744073709552327,99256554,1711072925,1711072925,18446744073709552327,arbitrum
711,711,18446744073709552328,99589930,1711073826,1711073826,18446744073709552328,arbitrum
712,712,18446744073709552329,99280818,1711096936,1711096936,18446744073709552329,arbitrum
713,713,18446744073709552330,99645437,1711098377,1711098377,18446744073709552330,arbitrum
714,714,18446744073709552331,99273568,1711100237,1711100237,18446744073709552331,arbitrum
715,715,18446744073709552332,99583843,1711101768,1711101768,18446744073709552332,arbitrum
716,716,18446744073709552333,99253015,1711102278,1711102278,18446744073709552333,arbitrum
717,717,18446744073709552334,99609416,1711104199,1711104199,18446744073709552334,arbitrum
718,718,18446744073709552335,99251754,1711105520,1711105520,18446744073709552335,arbitrum
719,719,18446744073709552336,99652529,1711105790,1711105790,18446744073709552336,arbitrum
720,720,18446744073709552337,99122613,1711108432,1711108432,18446744073709552337,arbitrum
721,721,18446744073709552338,99553200,1711109302,1711109302,18446744073709552338,arbitrum
722,722,18446744073709552339,99052887,1711113984,1711113984,18446744073709552339,arbitrum
723,723,18446744073709552340,99603176,1711114074,1711114074,18446744073709552340,arbitrum
724,724,18446744073709552341,99045511,1711114644,1711114644,18446744073709552341,arbitrum
725,725,18446744073709552342,99442244,1711115485,1711115485,18446744073709552342,arbitrum
726,726,18446744073709552343,99008395,1711116025,1711116025,18446744073709552343,arbitrum
727,727,18446744073709552344,99341057,1711116235,1711116235,18446744073709552344,arbitrum
728,728,18446744073709552345,99708246,1711116446,1711116446,18446744073709552345,arbitrum
729,729,18446744073709552346,99338994,1711116926,1711116926,18446744073709552346,arbitrum
730,730,18446744073709552347,99675093,1711118096,1711118096,18446744073709552347,arbitrum
731,731,18446744073709552348,99353510,1711118907,1711118907,18446744073709552348,arbitrum
732,732,18446744073709552349,99745536,1711120018,1711120018,18446744073709552349,arbitrum
733,733,18446744073709552350,99394554,1711123108,1711123108,18446744073709552350,arbitrum
734,734,18446744073709552351,99708488,1711124159,1711124159,18446744073709552351,arbitrum
735,735,18446744073709552352,99164151,1711124549,1711124549,18446744073709552352,arbitrum
736,736,18446744073709552353,99493472,1711124699,1711124699,18446744073709552353,arbitrum
737,737,18446744073709552354,99102858,1711125540,1711125540,18446744073709552354,arbitrum
738,738,18446744073709552355,99434757,1711125690,1711125690,18446744073709552355,arbitrum
739,739,18446744073709552356,99748611,1711126680,1711126680,18446744073709552356,arbitrum
740,740,18446744073709552357,99413544,1711131512,1711131512,18446744073709552357,arbitrum
741,741,18446744073709552358,99738069,1711132803,1711132803,18446744073709552358,arbitrum
742,742,18446744073709552359,99335685,1711134994,1711134994,18446744073709552359,arbitrum
743,743,18446744073709552360,99706794,1711135865,1711135865,18446744073709552360,arbitrum
744,744,18446744073709552361,99400194,1711137996,1711137996,18446744073709552361,arbitrum
745,745,18446744073709552362,99710429,1711141297,1711141297,18446744073709552362,arbitrum
746,746,18446744073709552363,99366978,1711143518,1711143518,18446744073709552363,arbitrum
747,747,18446744073709552364,99808434,1711144299,1711144299,18446744073709552364,arbitrum
748,748,18446744073709552365,99442922,1711145319,1711145319,18446744073709552365,arbitrum
749,749,18446744073709552366,99835904,1711146700,1711146700,18446744073709552366,arbitrum
750,750,18446744073709552367,99502389,1711148050,1711148050,18446744073709552367,arbitrum
751,751,18446744073709552368,99855068,1711149041,1711149041,18446744073709552368,arbitrum
752,752,18446744073709552369,99505698,1711150992,1711150992,18446744073709552369,arbitrum
753,753,18446744073709552370,99834027,1711152192,1711152192,18446744073709552370,arbitrum
754,754,18446744073709552371,99517080,1711153092,1711153092,18446744073709552371,arbitrum
755,755,18446744073709552372,99817553,1711157415,1711157415,18446744073709552372,arbitrum
756,756,18446744073709552373,99442549,1711159215,1711159215,18446744073709552373,arbitrum
757,757,18446744073709552374,99744973,1711165669,1711165669,18446744073709552374,arbitrum
758,758,18446744073709552375,99361938,1711168129,1711168129,18446744073709552375,arbitrum
759,759,18446744073709552376,99660218,1711177854,1711177854,18446744073709552376,arbitrum
760,760,18446744073709552377,99322215,1711238410,1711238410,18446744073709552377,arbitrum
761,761,18446744073709552378,99826513,1711238890,1711238890,18446744073709552378,arbitrum
762,762,18446744073709552379,99512565,1711242162,1711242162,18446744073709552379,arbitrum
763,763,18446744073709552380,99853607,1711243873,1711243873,18446744073709552380,arbitrum
764,764,18446744073709552381,99445089,1711244323,1711244323,18446744073709552381,arbitrum
765,765,18446744073709552382,99773977,1711245283,1711245283,18446744073709552382,arbitrum
766,766,18446744073709552383,99302110,1711249817,1711249817,18446744073709552383,arbitrum
767,767,18446744073709552384,99628383,1711250326,1711250326,18446744073709552384,arbitrum
768,768,18446744073709552385,99300033,1711251616,1711251616,18446744073709552385,arbitrum
769,769,18446744073709552386,99638400,1711251737,1711251737,18446744073709552386,arbitrum
770,770,18446744073709552387,99298015,1711251917,1711251917,18446744073709552387,arbitrum
771,771,18446744073709552388,99603523,1711252337,1711252337,18446744073709552388,arbitrum
772,772,18446744073709552389,99299019,1711253207,1711253207,18446744073709552389,arbitrum
773,773,18446744073709552390,99609469,1711253387,1711253387,18446744073709552390,arbitrum
774,774,18446744073709552391,99911765,1711277520,1711277520,18446744073709552391,arbitrum
775,775,18446744073709552392,99528985,1711278329,1711278329,18446744073709552392,arbitrum
776,776,18446744073709552393,99851545,1711281090,1711281090,18446744073709552393,arbitrum
777,777,18446744073709552394,99453595,1711282651,1711282651,18446744073709552394,arbitrum
778,778,18446744073709552395,99773853,1711283221,1711283221,18446744073709552395,arbitrum
779,779,18446744073709552396,99450318,1711299429,1711299429,18446744073709552396,arbitrum
780,780,18446744073709552397,99757416,1711299849,1711299849,18446744073709552397,arbitrum
781,781,18446744073709552398,99323654,1711300119,1711300119,18446744073709552398,arbitrum
782,782,18446744073709552399,99704929,1711300779,1711300779,18446744073709552399,arbitrum
783,783,18446744073709552400,99290465,1711325241,1711325241,18446744073709552400,arbitrum
784,784,18446744073709552401,99590275,1711325691,1711325691,18446744073709552401,arbitrum
785,785,18446744073709552402,100068563,1711380380,1711380380,18446744073709552402,arbitrum
786,786,18446744073709552403,99747234,1711382391,1711382391,18446744073709552403,arbitrum
787,787,18446744073709552404,100069154,1711384912,1711384912,18446744073709552404,arbitrum
788,788,18446744073709552405,99718527,1711386261,1711386261,18446744073709552405,arbitrum
789,789,18446744073709552406,99703296,1711472672,1711472672,18446744073709552406,arbitrum
790,790,18446744073709552407,99387920,1711478434,1711478434,18446744073709552407,arbitrum
791,791,18446744073709552408,99703424,1711482246,1711482246,18446744073709552408,arbitrum
792,792,18446744073709552409,99403971,1711483176,1711483176,18446744073709552409,arbitrum
793,793,18446744073709552410,99707476,1711484047,1711484047,18446744073709552410,arbitrum
794,794,18446744073709552411,99331013,1711485758,1711485758,18446744073709552411,arbitrum
795,795,18446744073709552412,99638555,1711487049,1711487049,18446744073709552412,arbitrum
796,796,18446744073709552413,99310634,1711487559,1711487559,18446744073709552413,arbitrum
797,797,18446744073709552414,99628862,1711488639,1711488639,18446744073709552414,arbitrum
798,798,18446744073709552415,99328399,1711504487,1711504487,18446744073709552415,arbitrum
799,799,18446744073709552416,99634536,1711510460,1711510460,18446744073709552416,arbitrum
800,800,18446744073709552417,99289630,1711513131,1711513131,18446744073709552417,arbitrum
801,801,18446744073709552418,99596307,1711514542,1711514542,18446744073709552418,arbitrum
802,802,18446744073709552419,99274850,1711515322,1711515322,18446744073709552419,arbitrum
803,803,18446744073709552420,99584236,1711516463,1711516463,18446744073709552420,arbitrum
804,804,18446744073709552421,99269712,1711523727,1711523727,18446744073709552421,arbitrum
805,805,18446744073709552422,99641632,1711526908,1711526908,18446744073709552422,arbitrum
806,806,18446744073709552423,99311870,1711530059,1711530059,18446744073709552423,arbitrum
807,807,18446744073709552424,99759211,1711530690,1711530690,18446744073709552424,arbitrum
808,808,18446744073709552425,99400010,1711534231,1711534231,18446744073709552425,arbitrum
809,809,18446744073709552426,99707850,1711539664,1711539664,18446744073709552426,arbitrum
810,810,18446744073709552427,99313405,1711542065,1711542065,18446744073709552427,arbitrum
811,811,18446744073709552428,99728732,1711544676,1711544676,18446744073709552428,arbitrum
812,812,18446744073709552429,99352282,1711546837,1711546837,18446744073709552429,arbitrum
813,813,18446744073709552430,99662205,1711549329,1711549329,18446744073709552430,arbitrum
814,814,18446744073709552431,99332873,1711551069,1711551069,18446744073709552431,arbitrum
815,815,18446744073709552432,99684086,1711551670,1711551670,18446744073709552432,arbitrum
816,816,18446744073709552433,99375737,1711552330,1711552330,18446744073709552433,arbitrum
817,817,18446744073709552434,99054335,1711552750,1711552750,18446744073709552434,arbitrum
818,818,18446744073709552435,99351670,1711553350,1711553350,18446744073709552435,arbitrum
819,819,18446744073709552436,99655345,1711553980,1711553980,18446744073709552436,arbitrum
820,820,18446744073709552437,99316888,1711554881,1711554881,18446744073709552437,arbitrum
821,821,18446744073709552438,99616226,1711555721,1711555721,18446744073709552438,arbitrum
822,822,18446744073709552439,99232017,1711556051,1711556051,18446744073709552439,arbitrum
823,823,18446744073709552440,99574517,1711556592,1711556592,18446744073709552440,arbitrum
824,824,18446744073709552441,99237381,1711558483,1711558483,18446744073709552441,arbitrum
825,825,18446744073709552442,99595735,1711558813,1711558813,18446744073709552442,arbitrum
826,826,18446744073709552443,99243300,1711562384,1711562384,18446744073709552443,arbitrum
